{
    "basic_rag": {
        "vector_retriever": {
            "relevance_query_answer": 0.4259400605403941,
            "groundedness_context_answer": 0.7948717948717948,
            "relevance_query_context": 0.03815020446139827,
            "correctness_answer": 0.35946493662493934
        }
    },
    "rerank_rag": {
        "vector_retriever": {
            "relevance_query_answer": 0.3426819871420391,
            "groundedness_context_answer": 0.8,
            "relevance_query_context": 0.030012390230146888,
            "correctness_answer": 0.21825412465880867
        },
        "reranker": {
            "relevance_query_answer": 0.1532415999867033,
            "groundedness_context_answer": 1.0,
            "relevance_query_context": 0.05700815850815851,
            "correctness_answer": 0.21376968227387938
        }
    }
}