{
    "basic_rag": {
        "vector_retriever": {
            "relevance_query_answer": 0.44129510519008974,
            "groundedness_context_answer": 0.75,
            "relevance_query_context": 0.03815020446139827
        }
    },
    "rerank_rag": {
        "vector_retriever": {
            "relevance_query_answer": 0.3437782048107566,
            "groundedness_context_answer": 0.6666666666666666,
            "relevance_query_context": 0.030686041548959497
        },
        "reranker": {
            "relevance_query_answer": 0.1690786564806392,
            "groundedness_context_answer": 0.5714285714285714,
            "relevance_query_context": 0.06618154068154068
        }
    }
}