{
    "basic_rag": {
        "vector_retriever": {
            "relevance_query_answer": 0.44129510519008974,
            "groundedness_context_answer": 0.75,
            "relevance_query_context": 0.03815020446139827
        }
    },
    "rerank_rag": {
        "vector_retriever": {
            "relevance_query_answer": 0.32583777983375906,
            "groundedness_context_answer": 0.8333333333333334,
            "relevance_query_context": 0.030507281673314193
        },
        "reranker": {
            "relevance_query_answer": 0.13079363526979104,
            "groundedness_context_answer": 0.75,
            "relevance_query_context": 0.05061634564266143
        }
    }
}